Name,Zone,Price,URL,Bedrooms,Area,Floor,Description,Source,Scraped At
Apartamento Remax,"Campolide, Lisboa",1100,,T1,51 m²,0,,Remax,2025-01-19 15:42:39
Apartamento Remax,"Campo de Ourique, Lisboa",1150,,T1,51 m²,0,,Remax,2025-01-19 15:42:39
Apartamento Remax,"Campo de Ourique, Lisboa",1050,,T1,56 m²,0,,Remax,2025-01-19 15:42:39
Apartamento Remax,"Campo de Ourique, Lisboa",1100,,T1,60 m²,0,,Remax,2025-01-19 15:42:39
Apartamento Remax,"Lumiar, Lisboa",950,,T1,63 m²,0,,Remax,2025-01-19 15:42:39
Apartamento Remax,"Alvalade, Lisboa",700,,T1,37 m²,0,,Remax,2025-01-19 15:42:39
Apartamento Remax,"Campolide, Lisboa",1100,,T1,51 m²,0,,Remax,2025-01-19 15:45:35
Apartamento Remax,"Campo de Ourique, Lisboa",1150,,T1,51 m²,0,,Remax,2025-01-19 15:45:35
Apartamento Remax,"Campo de Ourique, Lisboa",1050,,T1,56 m²,0,,Remax,2025-01-19 15:45:35
Apartamento Remax,"Campo de Ourique, Lisboa",1100,,T1,60 m²,0,,Remax,2025-01-19 15:45:35
Apartamento Remax,"Lumiar, Lisboa",950,,T1,63 m²,0,,Remax,2025-01-19 15:45:35
Apartamento Remax,"Alvalade, Lisboa",700,,T1,37 m²,0,,Remax,2025-01-19 15:45:35
Apartamento Remax,"Campolide, Lisboa",1100,https://www.remax.pt/pt/imoveis/arrendamento-apartamento-t1-lisboa-campolide/125831006-149,T1,51 m²,0,,Remax,2025-01-19 15:48:16
Apartamento Remax,"Campo de Ourique, Lisboa",1150,https://www.remax.pt/pt/imoveis/arrendamento-apartamento-t1-lisboa-campo-de-ourique/121831120-407,T1,51 m²,0,,Remax,2025-01-19 15:48:16
Apartamento Remax,"Campo de Ourique, Lisboa",1050,https://www.remax.pt/pt/imoveis/arrendamento-apartamento-t1-lisboa-campo-de-ourique/122911652-59,T1,56 m²,0,,Remax,2025-01-19 15:48:16
Apartamento Remax,"Campo de Ourique, Lisboa",1100,https://www.remax.pt/pt/imoveis/arrendamento-apartamento-t1-lisboa-campo-de-ourique/122911652-58,T1,60 m²,0,,Remax,2025-01-19 15:48:16
Apartamento Remax,"Lumiar, Lisboa",950,https://www.remax.pt/pt/imoveis/arrendamento-apartamento-t0-lisboa-lumiar/125191046-46,T1,63 m²,0,,Remax,2025-01-19 15:48:16
Apartamento Remax,"Alvalade, Lisboa",700,https://www.remax.pt/pt/imoveis/arrendamento-apartamento-t0-lisboa-alvalade/122911637-43,T1,37 m²,0,,Remax,2025-01-19 15:48:16
"T1 com Estacionamento, Penha de França (Alto de S. João)","Rua Forte de Santa Apolónia, Santa Apolónia - Cruz da Pedra, Penha de França, Lisboa, Lisboa",1100,https://www.imovirtual.com/pt/anuncio/t1-com-estacionamento-penha-de-franca-alto-de-s-joao-IDRxCh,T1,53 m²,0,"T1 para Arrendamento em Zona Tranquila de Lisboa – Ótima Localização e Comodidades Características principais do imóvel: Tipologia: T1 (1 quarto, 1 sala de estar) Estado de conservação: Imóvel em...",Imovirtual,2025-01-20 13:31:26
Arrendo T1 mobiliado c/ garagem (junto Marquês / Av. Liberdade),"Rua do Conde de Redondo, Av. da Liberdade - Marquês de Pombal, Santo António, Lisboa, Lisboa",1200,https://www.imovirtual.com/pt/anuncio/arrendo-t1-mobiliado-c-garagem-junto-marques-av-liberdade-ID16TT2,T1,63 m²,0,O apartamento tem adicionalmente as seguintes características: - mobiliado; - cozinha equipada; - duas exposições solares; - varanda com marquise nas traseiras; - aquecimento central; - arrumos;...,Imovirtual,2025-01-20 13:31:26
T1 com Varanda e Vista para Monsanto - Arrendamento em Campolide,"Bairro de Campolide, Campolide, Lisboa, Lisboa",1100,https://www.imovirtual.com/pt/anuncio/t1-com-varanda-e-vista-para-monsanto-arrendamento-em-campolide-ID1g2Tp,T1,56 m²,0,"T1 remodelado, com 56m², situado em Campolide.Características do imóvel:- 1 quarto, 1 casa de banho com banheira, 1 marquise, 1 sala, 1 cozinha e 1 quarto com roupeiro embutido e varanda com vista par...",Imovirtual,2025-01-20 13:31:26
Arrenda-se T1 mobilado e equipado sem fiador,"Bairro do Condado, Marvila, Lisboa, Lisboa",820,https://www.imovirtual.com/pt/anuncio/arrenda-se-t1-mobilado-e-equipado-sem-fiador-ID1g4zP,T1,60 m²,0,Apartamento mobilado e equipado para arrendamento anual com contrato nas Finanças. Poderá ficar equipado com louças e roupas de cama. Para entrada no arrendamento 1mês de renda e 1 caução equivalente ...,Imovirtual,2025-01-20 13:31:26
Apartamento T2 para arrendamento,"Travessa da Amorosa, Santa Apolónia - Cruz da Pedra, Penha de França, Lisboa, Lisboa",1100,https://www.imovirtual.com/pt/anuncio/apartamento-t2-para-arrendamento-ID1g4yt,T2,80 m²,0,"T2 para Arrendamento na Penha de França Amplo, Confortável e Próximo do centro de Lisboa Se procura um apartamento espaçoso, funcional e bemlocalizado, este T2 na Rua Dom Domingos Jardo 8 é a escolha ...",Imovirtual,2025-01-20 13:31:26
Apartamento T2 para arrendamento,"Travessa da Amorosa, Santa Apolónia - Cruz da Pedra, Penha de França, Lisboa, Lisboa",1100,https://www.imovirtual.com/pt/anuncio/apartamento-t2-para-arrendamento-ID1g4yq,T2,77 m²,0,"T2 para Arrendamento na Penha de França Amplo, Confortável e Próximo do centro de Lisboa Se procura um apartamento espaçoso, funcional e bemlocalizado, este T2 na Rua Dom Domingos Jardo 8 é a escolha ...",Imovirtual,2025-01-20 13:31:26
"Apartamento T1, 41m2 área útil, não mobilado, cozinha equipada, Belém,","Rua Gonçalo Nunes, Restelo, Belém, Lisboa, Lisboa",950,https://www.imovirtual.com/pt/anuncio/apartamento-t1-41m2-area-util-nao-mobilado-cozinha-equipada-belem-ID1g4xS,T1,41 m²,0,"Este apartamento T1 de 41m² apresenta-se como uma excelente oportunidade para quem procura um imóvel numa zona agradável e com boas acessibilidades. A seguir, apresento uma descrição detalhada e um re...",Imovirtual,2025-01-20 13:31:26
T1 na Avenida Infante Santo - Lisboa,"Príncipe Real - São Bento, Misericórdia, Lisboa, Lisboa",1200,https://www.imovirtual.com/pt/anuncio/t1-na-avenida-infante-santo-lisboa-ID1g4uG,T1,54 m²,0,"Se procura um lugar perfeito para viver e explorar as maravilhas de Lisboa, este é o apartamento ideal para si! * Localização Premium: Situado na Avenida Infante Santo, no coração da Estrela, um dos ...",Imovirtual,2025-01-20 13:31:26
Arrendamento T1 Campolide,"Bairro da Calçada dos Mestres, Campolide, Lisboa, Lisboa",1100,https://www.imovirtual.com/pt/anuncio/arrendamento-t1-campolide-ID1g4ti,T1,26 m²,0,Arrendamento T1 em bom estado e muito acolhedor. Bons acessos,Imovirtual,2025-01-20 13:31:26
T1 Campolide,"Bairro de Campolide, Campolide, Lisboa, Lisboa",1100,https://www.imovirtual.com/pt/anuncio/t1-campolide-ID1g4t3,T1,26 m²,0,"T1 em muito bom estado, bons acessos. 2 rendas + 1 caução",Imovirtual,2025-01-20 13:31:26
T1 em Lisboa remodelado e totalmente equipado. Pronto a habitar,"Rua David Lopes, Alto de São João - Alto do Varejão, Penha de França, Lisboa, Lisboa",1200,https://www.imovirtual.com/pt/anuncio/t1-em-lisboa-remodelado-e-totalmente-equipado-pronto-a-habitar-ID1g0x5,T1,60 m²,0,"Acolhedor e luminoso apartamento  T1. Situado em Lisboa, na rua David Lopes. Bairro tranquilo, servido de todo o tipo de comércio  local e serviço transportes. Valor da renda 1200€ /mês. As despesas e...",Imovirtual,2025-01-20 13:31:26
Apartamento T1 para arrendamento,"Bairro da Calçada dos Mestres, Campolide, Lisboa, Lisboa",850,https://www.imovirtual.com/pt/anuncio/apartamento-t1-para-arrendamento-ID1g4s1,T1,53 m²,0,"Apartamento T1 para arrendamento, remodelado, com logradouro. A sua localiza&ccedil;&atilde;o bem como o seu espa&ccedil;o exterior diferenciam este apartamento. Lic...",Imovirtual,2025-01-20 13:31:26
Apartamento T1 para arrendamento,"Rua República da Bolívia, Arneiros, Benfica, Lisboa, Lisboa",1100,https://www.imovirtual.com/pt/anuncio/apartamento-t1-para-arrendamento-ID1g4rw,T1,40 m²,0,"Excelente apartamento T1, com remodela&ccedil;&atilde;o de excel&ecirc;ncia e mobilado! Cozinha completamente equipada com electrodom&eacute;sticos encastrados. Piso flutuante de qualidade, janelas de...",Imovirtual,2025-01-20 13:31:26
T2 remodelado junto à Avenida General Roçadas,"Centro, Penha de França, Lisboa, Lisboa",1100,https://www.imovirtual.com/pt/anuncio/t2-remodelado-junto-a-avenida-general-rocadas-ID1g4pT,T2,90 m²,0,"Apartamento T2 acabado de remodelar, a estrear. Composto por ampla cozinha com janela,  sala, 2 quartos, WC com janela e 2 grandes despenas para arrumações. Com muita luz natural e todas as divisões c...",Imovirtual,2025-01-20 13:31:26
Arrenda: T2 Moscavide junto ao Metro,"Moscavide, Moscavide e Portela, Loures, Lisboa",1000,https://www.imovirtual.com/pt/anuncio/arrenda-t2-moscavide-junto-ao-metro-ID1g4oC,T2,60 m²,0,"Arrenda-se apartamento T2 no bairro de Moscavide, junto ao metro. Muito bem servido de transportes e comércio local. Aquecimento: Ar condicionado com bomba de calor. Cozinha equipada: Forno, placa de ...",Imovirtual,2025-01-20 13:31:26
Apartamento T2 mobilado e equipado na Penha de França,"Alto de São João - Alto do Varejão, Penha de França, Lisboa, Lisboa",1150,https://www.imovirtual.com/pt/anuncio/apartamento-t2-mobilado-e-equipado-na-penha-de-franca-ID1g4oA,T2,55 m²,0,"Alugo apartamento T2 com 54 m2 no 3 e último andar do prédio na penha de França, zona nobre da cidade Renovado 1 caução ( sendo apenas a caução devolvida no último mês ) A 400 m do continente bom d...",Imovirtual,2025-01-20 13:31:26
T1 - Equipado e mobilado,"Calçada dos Mestres, Bairro de Campolide, Campolide, Lisboa, Lisboa",1200,https://www.imovirtual.com/pt/anuncio/t1-equipado-e-mobilado-ID1g4lt,T1,84 m²,0,"Venha descobrir o charme deste acolhedor apartamento T1, situado no coração de Campolide, na pitoresca Calçada dos Mestres. Com uma área bruta de 80 m² e 75 m² úteis, este espaço oferece o equilíbrio ...",Imovirtual,2025-01-20 13:31:26
Arreda-se Apartamento T2,"São João de Brito, Alvalade, Lisboa, Lisboa",1150,https://www.imovirtual.com/pt/anuncio/arreda-se-apartamento-t2-ID1g4ll,T2,70 m²,0,"Apartamento T2 situado nos Olivais Sul, com sala de jantar e sala de estar, a apenas 5 minutos a pé da estação do Oriente, numa localização privilegiada, ideal para quem procura conveniência e qualida...",Imovirtual,2025-01-20 13:31:26
Apartamento perto do Técnico,"Alameda - Praça do Chile - Almirante Reis, Arroios, Lisboa, Lisboa",1200,https://www.imovirtual.com/pt/anuncio/apartamento-perto-do-tecnico-ID1bMEF,T2,65 m²,0,"Apartamento T2 na Praça do Chile, com bastante luz natural,num 3º andar sem elevador,com instalação de gás natural,inserido numa zona de comercio local, com metro e autocarros a 50 metros,perto de esc...",Imovirtual,2025-01-20 13:31:26
Apartamento T1 para arrendamento,"Rua de Xabregas, Xabregas, Beato, Lisboa, Lisboa",1200,https://www.imovirtual.com/pt/anuncio/apartamento-t1-para-arrendamento-ID1g4fz,T1,50 m²,0,"Apartamento T1 | Xabregas | Arrendamento Este moderno apartamento T1 est&aacute; dispon&iacute;vel para arrendamento em Xabregas, uma zona residencial tranquila e central, com excelente acesso a tran...",Imovirtual,2025-01-20 13:31:26
"Lisboa (Benfica) T2 na Rua Gomes Pereira, com parqueamento","Avenida do Uruguai, Benfica, Lisboa, Lisboa",1200,https://www.imovirtual.com/pt/anuncio/lisboa-benfica-t2-na-rua-gomes-pereira-com-parqueamento-ID1g166,T2,80 m²,0,"T2 remodelado, pronto a habitar a partir 1 Janeiro de 2025 situado na Av. Gomes Pereira/Benfica. Composto por: Sala ampla Cozinha equipada com placa, forno, exaustor e um  termoacumulador. 2 quartos,...",Imovirtual,2025-01-20 13:31:26
Ajuda (prox. Faculdade Arquitectura) T2 Rés de chão remodelado,"Rio Seco - Casalinho, Ajuda, Lisboa, Lisboa",1100,https://www.imovirtual.com/pt/anuncio/ajuda-prox-faculdade-arquitectura-t2-res-de-chao-remodelado-ID1g29N,T2,80 m²,0,Apartamento T2 (3 Assoalhadas) remodelado (a estrear) com 2 frentes situado num rés-de-chão alto e é composto por:Hall de entrada e um outro Hall junto aos quartos com roupeiro e despensa Sala 13m2 c...,Imovirtual,2025-01-20 13:31:26
Apartamento T1 para arrendar em Campo de Ourique,"Rua Almeida e Sousa, Centro, Campo de Ourique, Lisboa, Lisboa",1100,https://www.imovirtual.com/pt/anuncio/apartamento-t1-para-arrendar-em-campo-de-ourique-ID1g4bV,T1,44 m²,0,"Vou gostar do sítio? Sem dúvida! Este apartamento situa-se em Campo de Ourique, um bairro icónico de Lisboa que combina charme tradicional com uma excelente oferta de comércio, serviços e transport...",Imovirtual,2025-01-20 13:31:26
T1 para arrendamento no Lumiar,"Carriche - Hospital das Forças Armadas, Lumiar, Lisboa, Lisboa",1000,https://www.imovirtual.com/pt/anuncio/t1-para-arrendamento-no-lumiar-ID1g2FW,T1,56 m²,0,"Apartamento T1 para arrendamento no Lumiar, totalmente remodelado. Licença de Utilização nº 260, emitida pela Câmara Municipal de Lisboa em 19/06/1967 . Este apartamento é composto por uma espaç...",Imovirtual,2025-01-20 13:31:26
T1 Madragoa,"Santos-o-Velho - Madragoa, Estrela, Lisboa, Lisboa",850,https://www.imovirtual.com/pt/anuncio/t1-madragoa-ID1depV,T1,40 m²,0,"T1 mobilado, cozinha totalmente equipada, máquina de lavar e secar roupa,ar condicionado,microondas, máquina de café, etc. Entrada independente, internet (apenas uso lúdico)e tv por cabo incluído no ...",Imovirtual,2025-01-20 13:31:26
"Estúdio c/ Varanda, Zona Nobre: Qª Grande 3 mints carro Colombo","Arneiros, Benfica, Lisboa, Lisboa",895,https://www.imovirtual.com/pt/anuncio/estudio-c-varanda-zona-nobre-q-grande-3-mints-carro-colombo-ID1fY9f,T1,25 m²,0,"Comercializado por: Lisboa Estudios Estudio  T0 ,mobilado em zona nobre da Quinta Grande, inserido em torre de 16 andares a uma  distancia de 3 minutos de  carro  do  Centro Comercial Colombo e  me...",Imovirtual,2025-01-20 13:31:26
Encantador T1 zona Nobre: Qt Grande - 3 mints carro shopping Colombo,"Rua República da Bolívia, Arneiros, Benfica, Lisboa, Lisboa",995,https://www.imovirtual.com/pt/anuncio/encantador-t1-zona-nobre-qt-grande-3-mints-carro-shopping-colombo-ID1bb6a,T1,30 m²,0,"""Encantador T1 Mobilado em Zona Nobre da Quinta Grande - Excelente Localização:  3  minutos de  carro ao Colombo e Metrô"" Este T1 mobilado e equipado está localizado em uma zona nobre da Quinta Gra...",Imovirtual,2025-01-20 13:31:26
"Lindo Studio T1 junto padaria portuguesa, C comercial e metro Olivai","Olivais Sul, Olivais, Lisboa, Lisboa",895,https://www.imovirtual.com/pt/anuncio/lindo-studio-t1-junto-padaria-portuguesa-c-comercial-e-metro-olivai-ID1fY9P,T1,20 m²,0,"Mimoso Studio T1 junto padaria portuguesa, C comercial e metro Olivais Entre  aeroporto e Parque das Nações/Estação Oriente / C C Vasco  da Gama, situa-se o famoso bairro dos Olivais, pleno de func...",Imovirtual,2025-01-20 13:31:26
Apartamento T2 para arrendamento,"Rua Aquilino Ribeiro - Bairro das Amendoeiras, Bairro das Amendoeiras, Marvila, Lisboa, Lisboa",1150,https://www.imovirtual.com/pt/anuncio/apartamento-t2-para-arrendamento-ID1g3TL,T2,84.52 m²,0,Apartamento T2 para arrendamento. . Licença de Utilização - isento,Imovirtual,2025-01-20 13:31:26
T2 para arrendar em Moscavide,"Rua Combatentes da Grande Guerra, Moscavide, Moscavide e Portela, Loures, Lisboa",900,https://www.imovirtual.com/pt/anuncio/t2-para-arrendar-em-moscavide-ID1g3OV,T2,65 m²,0,"Uma apartamento em Moscavide? Conte-me mais! Com toda a certeza! Moscavide é um bairro vibrante e cheio de vida, conhecido pela sua atmosfera acolhedora e pela proximidade com o Parque das Nações. ...",Imovirtual,2025-01-20 13:31:26
Oportunidade - T2 para arrendar na Penha de França,"Rua Dom Domingos Jardo, Alto de São João - Alto do Varejão, Penha de França, Lisboa, Lisboa",1050,https://www.imovirtual.com/pt/anuncio/oportunidade-t2-para-arrendar-na-penha-de-franca-ID1g3OY,T2,69 m²,0,"Vou gostar de viver na Penha de França? Com certeza! A Penha de França é um bairro tradicional e charmoso de Lisboa, oferecendo uma atmosfera tranquila e ao mesmo tempo bem servida por transportes,...",Imovirtual,2025-01-20 13:31:26
Arrendamento - Apartamento T2 em Benfica,"Rua Doutor Figueiredo, Portas de Benfica - Mercado de Benfica, Benfica, Lisboa, Lisboa",1050,https://www.imovirtual.com/pt/anuncio/arrendamento-apartamento-t2-em-benfica-ID1g3MI,T2,70 m²,0,"Vou gostar de viver em Benfica? Sem dúvida! Benfica é um bairro dinâmico e familiar, perfeito para quem procura tranquilidade sem abrir mão da conveniência de viver em Lisboa. Aqui, terá fácil aces...",Imovirtual,2025-01-20 13:31:27
Apartamento T1 para arrendar em Campo de Ourique,"Rua Almeida e Sousa, Centro, Campo de Ourique, Lisboa, Lisboa",1150,https://www.imovirtual.com/pt/anuncio/apartamento-t1-para-arrendar-em-campo-de-ourique-ID1g3Jx,T1,46 m²,0,"Vou gostar do sítio? Certamente que sim! Este apartamento situa-se em Campo de Ourique, um dos bairros mais procurados de Lisboa, conhecido pelo seu ambiente acolhedor e pela vasta oferta de comérc...",Imovirtual,2025-01-20 13:31:27
Apartamento T1 a estrear | Penha de França,"Rua Castelo Branco Saraiva, Centro, Penha de França, Lisboa, Lisboa",1200,https://www.imovirtual.com/pt/anuncio/apartamento-t1-a-estrear-penha-de-franca-ID1g3G0,T1,48 m²,0,"Apartamento T1 a estrear | Penha de França Este elegante T1, integrado no moderno empreendimento Magenta Apartments, está localizado na prestigiada zona da Penha de França. Características princip...",Imovirtual,2025-01-20 13:31:27
"T1 na Rua Francisco Pedro Curado, nr8, com parqueamento e arrecadação","Alto de São João - Alto do Varejão, Penha de França, Lisboa, Lisboa",1050,https://www.imovirtual.com/pt/anuncio/t1-na-rua-francisco-pedro-curado-nr8-com-parqueamento-e-arrecadacao-ID1g3Bq,T1,50 m²,0,"T1 com 50 m2 em prédio recente, com elevador, lugar de parqueamento, arrecadação e kitchenet totalmente renovada e equipada: frigorífico combinado, micro-ondas, termoacumulador, placa e forno, exausto...",Imovirtual,2025-01-20 13:31:27
Apartamento T1 em caselas,"Palácio da Ajuda, Ajuda, Lisboa, Lisboa",650,https://www.imovirtual.com/pt/anuncio/apartamento-t1-em-caselas-ID1g3AA,T1,40 m²,0,Pequeno anexo T1 em caselas com despesas incluídas - frigorífico -máquina de lavar roupa -microondas -fogão Acesso livre a piscina Estacionamento gratuito na rua 2min a pé de paragens de autoc...,Imovirtual,2025-01-20 13:31:27
Apartamento T1 para arrendamento,"Rua Conceição da Glória, Praça da Alegria, Santo António, Lisboa, Lisboa",1200,https://www.imovirtual.com/pt/anuncio/apartamento-t1-para-arrendamento-ID1g3zY,T1,30 m²,0,APARTAMENTO T1 | MOBILADO | COM LUGAR DE ESTACIONAMENTO | PR&Iacute;NCIPE REAL Apartamento muito funcional entre o Pr&iacute;ncipe Real e a Av. da Liberdade. Composto por uma sala com kitchenette (pla...,Imovirtual,2025-01-20 13:31:27
Apartamento T2 para arrendamento,"Rua Duarte Galvão, Estrada de Benfica, São Domingos de Benfica, Lisboa, Lisboa",1200,https://www.imovirtual.com/pt/anuncio/apartamento-t2-para-arrendamento-ID1g3tu,T2,53.59 m²,0,"Apartamento T2 para arrendar em frente ao Hospital da Cruz Vermelha Apresento-lhe este fant&aacute;stico apartamento T2, ideal para quem procura conforto e uma localiza&ccedil;&atilde;o privilegiada. ...",Imovirtual,2025-01-20 13:31:27
Arrenda-se T1 mobilado e equipado sem fiador,"Bairro do Condado, Marvila, Lisboa, Lisboa",820,https://www.imovirtual.com/pt/anuncio/arrenda-se-t1-mobilado-e-equipado-sem-fiador-ID.1g4zP,T1,60 m²,0,,Imovirtual,2025-01-20 13:31:27
"Apartamento T1 em São Vicente de 47,00 m2","Graça, São Vicente, Lisboa, Lisboa",1200,https://www.imovirtual.com/pt/anuncio/apartamento-t1-em-sao-vicente-de-47-00-m2-ID1g3pl,T1,47 m²,0,Encantador apartamento T1 de 47m2 localizado no bairro histórico de São Vicente. Localizado no 4º andar sem elevador de um edifício completamente remodelado em 2017 de estilo pombalino. Ele esta comp...,Imovirtual,2025-01-20 13:32:22
Apartamento T1 para arrendamento,"Rua do Giestal, Alto de Alcântara, Alcântara, Lisboa, Lisboa",1100,https://www.imovirtual.com/pt/anuncio/apartamento-t1-para-arrendamento-ID1g3mx,T1,43 m²,0,"Apartamento T1 para arrendamento Apartamento composto por um quarto, uma sala, cozinha, casa-de-banho, hall de entrada e marquise. Est&aacute; equipado com fog&atilde;o a g&aacute;s, esquentador, frig...",Imovirtual,2025-01-20 13:32:22
Apartamento T1 para arrendamento,"Rua de Sant'Ana à Lapa, Lapa, Estrela, Lisboa, Lisboa",1000,https://www.imovirtual.com/pt/anuncio/apartamento-t1-para-arrendamento-ID1g3mi,T1,30 m²,0,T1 &bull; LAPA &bull; MOBILADO E EQUIPADO &bull; COM TERRA&Ccedil;O Simp&aacute;tico T1 com acesso directo a logradouro. Remodelado recentemente. Mobilado e equipado com tudo o que necessita para se i...,Imovirtual,2025-01-20 13:32:22
T-2 mobilado+equipado CENTRO Lisboa. Só 1 renda e caução.,"São Cristóvão e São Lourenço, Santa Maria Maior, Lisboa, Lisboa",1200,https://www.imovirtual.com/pt/anuncio/t-2-mobilado-equipado-centro-lisboa-so-1-renda-e-caucao-ID1g3lS,T2,60 m²,0,"Se o T- 2 está anunciado on- line é porque se ENCONTRA DISPONÍVEL para entrada IMEDIATA. SÓ 1 RENDA 1200 EUR+ 1 CAUÇÃO 1200 EUR, MAIS NADA!! ARRENDO PARA "" ONTEM"". BEM MOBILADO E MELHOR EQUIPADO. Na ...",Imovirtual,2025-01-20 13:32:22
Arrenda-se Apartamento T1 nas Avenidas Novas,"Parque Eduardo VII, Avenidas Novas, Lisboa, Lisboa",1200,https://www.imovirtual.com/pt/anuncio/arrenda-se-apartamento-t1-nas-avenidas-novas-ID1fTzX,T1,40 m²,0,"Magnifico apartamento em zona privilegiada de Lisboa, bem equipado com ar condicionado. Todas as despesas incluidas.",Imovirtual,2025-01-20 13:32:22
T1 - Lisboa - Mobilado e equipado,"Igreja de Benfica, Benfica, Lisboa, Lisboa",800,https://www.imovirtual.com/pt/anuncio/t1-lisboa-mobilado-e-equipado-ID1g3dB,T1,40 m²,0,"***DISPONÍVEL PARA VISITAS E ARRENDAMENTO A PARTIR DO DIA 01 /FEV/2025*** A 10 minutos do C.C.Colombo totalmente mobilado, remodelado e equipado. Descrição do apartamento: Um quarto com cama de cas...",Imovirtual,2025-01-20 13:32:22
Apartamento T2 para arrendamento,"Rua da Cruz A Alcântara, Quinta do Jacinto, Alcântara, Lisboa, Lisboa",1200,https://www.imovirtual.com/pt/anuncio/apartamento-t2-para-arrendamento-ID1g399,T2,38 m²,0,"Apartamento T2 para arrendamento. Situado na zona de Alc&acirc;ntara, Lisboa, totalmente equipado e mobilado, dispon&iacute;vel para entrada a partir de 27/01/2025.Requisitos para os candidatos: Decl...",Imovirtual,2025-01-20 13:32:22
Apartamento T1 para arrendamento,"Rua Joaquim Costa, Alameda - Praça do Chile - Almirante Reis, Arroios, Lisboa, Lisboa",950,https://www.imovirtual.com/pt/anuncio/apartamento-t1-para-arrendamento-ID1g38V,T1,40 m²,0,"Descobre este encantador apartamento T1, recentemente renovado, perfeito para quem procura conforto e conveniência no coração da cidade. Originalmente uma loja, agora transformada em habitação, esta p...",Imovirtual,2025-01-20 13:32:22
T1 com kitchenette equipada na Penha de França,"Bairro dos Actores - Barão Sabrosa, Penha de França, Lisboa, Lisboa",1100,https://www.imovirtual.com/pt/anuncio/t1-com-kitchenette-equipada-na-penha-de-franca-ID1g38q,T1,38 m²,0,"Venha conhecer este simpático apartamento T1, localizado no primeiro andar de um prédio bem conservado, sem elevador, na Rua Melo Gouveia, em Lisboa. Com cerca de 50 m² de área total, este imóvel dest...",Imovirtual,2025-01-20 13:32:22
Apartamento T1 - Alta de Lisboa,"Alto do Lumiar - Quinta das Conchas - Quinta do Lambert, Lumiar, Lisboa, Lisboa",1200,https://www.imovirtual.com/pt/anuncio/apartamento-t1-alta-de-lisboa-ID1g363,T1,50 m²,0,"Espaços... na sua vida! Apartamento T1, situado na Alta de Lisboa, com ótimos acessos para toda a zona de Lisboa, transportes públicos, pequeno comércio, farmácia, escola, parque infantil, clinicas, ...",Imovirtual,2025-01-20 13:32:22
Fantástico T1 novo Penha de França,"Alto de São João - Alto do Varejão, Penha de França, Lisboa, Lisboa",1050,https://www.imovirtual.com/pt/anuncio/fantastico-t1-novo-penha-de-franca-ID1g32Q,T1,45.2 m²,0,"Excelente T1 novo na Penha de França, localizado em zona tranquila e de fácil acesso a transportes e serviços. O apartamento com muito bom gosto, foi totalmente recuperado e encontra-se em estado ...",Imovirtual,2025-01-20 13:32:22
Apartamento T1 para arrendamento,"Rua Luís Derouet, Centro, Campo de Ourique, Lisboa, Lisboa",1100,https://www.imovirtual.com/pt/anuncio/apartamento-t1-para-arrendamento-ID1g31V,T1,46 m²,0,"Óptimo apartamento T1, remodelado, em Campo de Ourique! Apartamento remodelado com: Sala com muita luz natural! Cozinha semi equipada (fogão, forno, exaustor, esquentador). Não tem frigorífico, máqui...",Imovirtual,2025-01-20 13:32:22
Apartamento Arroios T2 com logradouro,"Estefânia, Arroios, Lisboa, Lisboa",1200,https://www.imovirtual.com/pt/anuncio/apartamento-arroios-t2-com-logradouro-ID1g30L,T2,94 m²,0,"Disponível em breve!!! Apartamento T2 em arroios junto ao Mercado, Pingo Doce e Continente. 2 quartos (1 casal, 1 solteiro), sala de estar e jantar, coxinha, 1 casa de banho, lavandaria, arrecadação ...",Imovirtual,2025-01-20 13:32:22
Apartamento T1 mobilado em Entrecampos,"Alvalade, Alvalade, Lisboa, Lisboa",1150,https://www.imovirtual.com/pt/anuncio/apartamento-t1-mobilado-em-entrecampos-ID1fOWn,T1,48 m²,0,"Apartamento T1 em óptimo estado, em prédio com 2 elevadores. Muito luminoso e soalheiro. Mobilado e com cozinha equipada com esquentador, frigorífico, fogão e máquina de lavar roupa. Sala com sofá ...",Imovirtual,2025-01-20 13:32:22
"Apartamento, 2 quartos, Lisboa, EPUL","Restelo, Belém, Lisboa, Lisboa",1200,https://www.imovirtual.com/pt/anuncio/apartamento-2-quartos-lisboa-epul-ID1g2Zv,T2,50 m²,0,"Apartamento T2 com 55 m² de área bruta, localizado no Restelo, que oferece o equilíbrio perfeito entre conforto e funcionalidade. Características principais: - Tipologia: T2 (dois quartos); - Casas de...",Imovirtual,2025-01-20 13:32:22
"Apartamento T1 Beato C/ Terraço, Lisboa","Picheleira, Beato, Lisboa, Lisboa",900,https://www.imovirtual.com/pt/anuncio/apartamento-t1-beato-c-terraco-lisboa-ID1g2Rl,T1,40 m²,0,"Apartamento T1 localizado em Olaias.  Composto por sala, casa de banho, um quarto e terraço. Cozinha equipada com placa, forno e exaustor. Próximo de transportes, comércio local e escolas. ...",Imovirtual,2025-01-20 13:32:22
Bom T1  zona de eleição em Benfica,"Igreja de Benfica, Benfica, Lisboa, Lisboa",850,https://www.imovirtual.com/pt/anuncio/bom-t1-zona-de-eleicao-em-benfica-ID1g2NZ,T1,65 m²,0,Excelente T1 em prédio de prestigio em zona de eleição de Benfica. Perto de todo o tipo de comércio e serviços nomeadamente mercado municipal de Benfica e C.C. Colombo. Muitos transportes públicos. ...,Imovirtual,2025-01-20 13:32:22
T1 Benfica renov c. coz equipada.,"Calçada do Tojal, Benfica, Lisboa, Lisboa",850,https://www.imovirtual.com/pt/anuncio/t1-benfica-renov-c-coz-equipada-ID1g2NU,T1,65 m²,0,Excelente T1 em prédio de prestigio em zona de eleição de Benfica. Perto de todo o tipo de comércio e serviços nomeadamente mercado municipal de Benfica e C.C. Colombo. Muitos transportes públicos. ...,Imovirtual,2025-01-20 13:32:22
"Imperdível estúdio ou galeria, 2 divisões e WC, Rua da Guiné, Arroios","Estefânia, Arroios, Lisboa, Lisboa",950,https://www.imovirtual.com/pt/anuncio/imperdivel-estudio-ou-galeria-2-divisoes-e-wc-rua-da-guine-arroios-ID1g2MS,T1,30 m²,0,"T1, 1 wc, totalmente renovado, mobilado e equipado, muito bem situado, na Rua da Guiné, zona de Arroios",Imovirtual,2025-01-20 13:32:22
Apartamento T1 para arrendamento,"Avenida Almirante Reis, Anjos, Arroios, Lisboa, Lisboa",1150,https://www.imovirtual.com/pt/anuncio/apartamento-t1-para-arrendamento-ID1g2Ks,T1,48.44 m²,0,"Apartamento T1 para Arrendamento junto ao metro dos Anjos Situado num das principais art&eacute;rias da cidade de Lisboa, a Av. Almirante Reis, encontramos este apartamento T1 remodelado para arrend...",Imovirtual,2025-01-20 13:32:22
Arrenda-T1 em Arroios,"Estefânia, Arroios, Lisboa, Lisboa",950,https://www.imovirtual.com/pt/anuncio/arrenda-t1-em-arroios-ID1g2HQ,T1,50 m²,0,"T1 mobilado, localizado no 3° andar, com elevador, composto por um quarto, sala comum, cozinha e WC. Tem varanda.",Imovirtual,2025-01-20 13:32:22
T1 Totalmente Equipado e Mobilado em Santos o Velho – Travessa das Ing,"Travessa Inglesinhas, Santos-o-Velho - Madragoa, Estrela, Lisboa, Lisboa",900,https://www.imovirtual.com/pt/anuncio/t1-totalmente-equipado-e-mobilado-em-santos-o-velho-travessa-das-ing-ID1g2GI,T1,31 m²,0,"Apartamento T1 totalmente equipado e mobilado, localizado na Travessa das Inglesinhas, em Santos o Velho, uma das zonas mais encantadoras e históricas de Lisboa. Com uma decoração moderna e funcional,...",Imovirtual,2025-01-20 13:32:22
AR148,"Bairro de Campolide, Campolide, Lisboa, Lisboa",1200,https://www.imovirtual.com/pt/anuncio/ar148-ID1g2Fk,T1,72 m²,0,"Apartamento T1 totalmente mobilado e equipado em Campolide com 1 lugar de garagem e arrecadação, inserido em condomínio de prestigio com segurança 24h, composto por sala, suite, cozinha e wc social....",Imovirtual,2025-01-20 13:32:22
T2 - Benfica - Bairro do Charquinho,"Igreja de Benfica, Benfica, Lisboa, Lisboa",1200,https://www.imovirtual.com/pt/anuncio/t2-benfica-bairro-do-charquinho-ID1g2zC,T2,55 m²,0,"Arrenda-se apartamento em Benfica no bairro do Charquinho, zona calma, a 5 minutos a pé do Colombo e metro, 2° andar sem elevador",Imovirtual,2025-01-20 13:32:22
Apartamento T2 para arrendamento,"Rua António Feijó, Estrada de Benfica, São Domingos de Benfica, Lisboa, Lisboa",1150,https://www.imovirtual.com/pt/anuncio/apartamento-t2-para-arrendamento-ID1g2yq,T2,62 m²,0,"APARTAMENTO T2 CONDIÇÕES DE ARRENDAMENTO: Arrendatário(s): Documento de identificação, Último IRS e 3 últimos recibos vencimento Fiador(es): Documento de identificação, Último IRS e 3 últimos recibos...",Imovirtual,2025-01-20 13:32:22
T1 nas Olaias totalmente equipado - 53 M2,"Bairro do Condado, Marvila, Lisboa, Lisboa",1200,https://www.imovirtual.com/pt/anuncio/t1-nas-olaias-totalmente-equipado-53-m2-ID1g2su,T1,53 m²,0,"Apartamento T1 mobilado para arrendamento. T1 com boas áreas e completamente mobilado em ótimo estado. Sala espaçosa com varanda, vista desafogada e boa exposição solar (Mesa e cadeiras, sofá cama, t...",Imovirtual,2025-01-20 13:32:22
T2 Benfica - Arrenda,"Estrada de Benfica, São Domingos de Benfica, Lisboa, Lisboa",1100,https://www.imovirtual.com/pt/anuncio/t2-benfica-arrenda-ID1fNGG,T2,90 m²,0,"Apartamento T2 num 2º andar, sem elevador. Três divisões (uma delas com marquise) possíveis de transformar em sala e quartos, uma cozinha com zona de despensa independente e uma wc remodelada recente...",Imovirtual,2025-01-20 13:32:22
Apartamento T2 para arrendamento,"Rua da Indústria, Alto de Santo Amaro, Alcântara, Lisboa, Lisboa",1080,https://www.imovirtual.com/pt/anuncio/apartamento-t2-para-arrendamento-ID1g2mI,T2,35 m²,0,"WARM AND SHINY 2 BEDROOM APARTMENT In the heart of Alc&acirc;ntara. Fully furnished and equipped. A cosy flat with two bedrooms, living room, kitchen and toilet. Wonderful for professionals and young...",Imovirtual,2025-01-20 13:32:22
Apartamento T1 para arrendamento,"Beco Ramos, Alfama, Santa Maria Maior, Lisboa, Lisboa",1100,https://www.imovirtual.com/pt/anuncio/apartamento-t1-para-arrendamento-ID1g2g1,T1,43 m²,0,"Arrenda-se T1 Renovado no Cora&ccedil;&atilde;o de Alfama Venha conhecer este encantador T1, renovado, localizado no cora&ccedil;&atilde;o de Alfama, o bairro mais hist&oacute;rico e carism&aacute;ti...",Imovirtual,2025-01-20 13:32:22
Apartamento T2 | Remodelado | Equipado,"Largo do Calvário - Lx Factory, Alcântara, Lisboa, Lisboa",890,https://www.imovirtual.com/pt/anuncio/apartamento-t2-remodelado-equipado-ID1g2cA,T2,75 m²,0,"Excelente apartamento T2 remodelado e equipado, para arrendamento. Localizado no Alto de Santo Amaro. Inserido no terceiro andar de um prédio de seis pisos servido por dois elevadores,  Área bruta (m...",Imovirtual,2025-01-20 13:32:22
T2 Vista Rio; Remodelação recente; parcialmente equipado; 5min. Metro,"Rua da Bica Duarte Belo, Bica, Misericórdia, Lisboa, Lisboa",1160,https://www.imovirtual.com/pt/anuncio/t2-vista-rio-remodelacao-recente-parcialmente-equipado-5min-metro-ID1g21w,T2,50 m²,0,"DISPONÍVEL: 1 FEVEREIRO Apartamento renovado com vistas largas sobre a zona e com vista de rio (lateral). COZINHA NOVA- esquentador ventilado,- placa de fogão- forno eléctrico,- pré-instalação p...",Imovirtual,2025-01-20 13:32:22
T1 junto à Infante Santo,"Lapa, Estrela, Lisboa, Lisboa",970,https://www.imovirtual.com/pt/anuncio/t1-junto-a-infante-santo-ID1fMs5,T1,38 m²,0,"Simpático apartamento, mobilado e equipado e com boa localização. Cozinha equipada com placa, forno, exaustor, termoacumulador e frigorifico, sala com estante, mesa de refeições e 4 cadeiras, quarto c...",Imovirtual,2025-01-20 13:32:22
T1 na Ajuda (40m2 mais pátio),"Centro, Ajuda, Lisboa, Lisboa",900,https://www.imovirtual.com/pt/anuncio/t1-na-ajuda-40m2-mais-patio-ID18iU6,T1,40 m²,0,"T1 na Ajuda todo acabado de renovar. Tem um quarto, uma kitchenete com sala juntas, casa de banho com duche, uma dispensa e um pátio. É muito pequeno mas está como novo, tem uma janela muito grande pa...",Imovirtual,2025-01-20 13:32:22
"Arrenda T1, mobilado e equipado no coração de Alfama","Rua de Santo Estêvão, Alfama, Santa Maria Maior, Lisboa, Lisboa",1000,https://www.imovirtual.com/pt/anuncio/arrenda-t1-mobilado-e-equipado-no-coracao-de-alfama-ID1g1IT,T1,36 m²,0,"Charmoso apartamento T1 mobilado e equipado para arrendamento em Alfama. Estação do Metro do Terreiro do Paço a 2Km, Estação do Metro Baixa /Chiado a 5Km, Estação de Santa Apolónia e Terminal de Cruz...",Imovirtual,2025-01-20 13:32:22
"Apartamento T1 em São Vicente de 47,00 m2","Graça, São Vicente, Lisboa, Lisboa",1200,https://www.imovirtual.com/pt/anuncio/apartamento-t1-em-sao-vicente-de-47-00-m2-ID.1g3pl,T1,47 m²,0,,Imovirtual,2025-01-20 13:32:22
Apartamento T2 para arrendamento,"Praça dos Aliados, Damaia de Cima, Águas Livres, Amadora, Lisboa",950,https://www.imovirtual.com/pt/anuncio/apartamento-t2-para-arrendamento-ID1g4BS,T2,79 m²,0,"T2 integralmente renovado recentemente em &oacute;timo estado de conserva&ccedil;&atilde;o e bastante soalheiro. Cozinha equipada, Quartos com Roupeiros, Despensa espa&ccedil;osa e Varanda com acesso ...",Imovirtual,2025-01-20 13:33:08
Apartamento T2 Damaia de Baixo,"Damaia de Cima, Águas Livres, Amadora, Lisboa",1150,https://www.imovirtual.com/pt/anuncio/apartamento-t2-damaia-de-baixo-ID1g4uI,T2,82 m²,0,"Apartamento T2, Rua Garcia de Orta, Damaia de Baixo - Remodelado em 2022 - Cozinha Equipada - 1 Quarto mobilado e 1 Quarto vazio - Duas Varandas (Quarto e Sala) Disponível para entrada em Março. Pró...",Imovirtual,2025-01-20 13:33:08
T1 localizado na Venda Nova ao pé das Portas de Benfica,"Falagueira, Falagueira-Venda Nova, Amadora, Lisboa",950,https://www.imovirtual.com/pt/anuncio/t1-localizado-na-venda-nova-ao-pe-das-portas-de-benfica-ID1g4us,T1,55 m²,0,T1 localizado na Venda Nova ao pé das Portas de Benfica. Excelente oportunidade! T1 Remodelado na Venda Nova – 7 º Andar com boa vista e exposição solar. Apresentamos este fantástico apartamento T1 ...,Imovirtual,2025-01-20 13:33:08
"Apartamento T2,alugar Condominio privadoPalmela Vilage Quinta do Anjo","Damaia de Cima, Águas Livres, Amadora, Lisboa",1000,https://www.imovirtual.com/pt/anuncio/apartamento-t2-alugar-condominio-privadopalmela-vilage-quinta-do-anjo-ID1g3E0,T2,72 m²,0,"Tu com piscina partilhada ,cozinha equipada condomio privado Quinta do Anjo 1000 mes,caução + renda,prova de rendimentos 3 meses ordenados irs",Imovirtual,2025-01-20 13:33:08
"Brandoa. Apartamento de 3 assoalhadas, mobilado e com parqueamento.","Alto da Mira - Moinhos da Funcheira - Carenque, Mina de Água, Amadora, Lisboa",1100,https://www.imovirtual.com/pt/anuncio/brandoa-apartamento-de-3-assoalhadas-mobilado-e-com-parqueamento-ID1g3CW,T2,75 m²,0,"Excelente apartamento de 3 assoalhadas, composto por hall, sala comum, 2 quartos, casa de banho e cozinha, completamente mobilado e com cozinha equipada com placa, forno, frigorífico e esquentador. Ex...",Imovirtual,2025-01-20 13:33:08
"Arrendamento de Apartamento T2 na avenida Dom João V, 9","Avenida Dom João V V, Damaia de Cima, Águas Livres, Amadora, Lisboa",1050,https://www.imovirtual.com/pt/anuncio/arrendamento-de-apartamento-t2-na-avenida-dom-joao-v-9-ID1g3aI,T2,53 m²,0,"Este encantador apartamento T2, localizado no coração da Damaia, é a escolha perfeita para quem procura conforto, modernidade e comodidade. Situado no primeiro andar de um prédio familiar e acolhedor,...",Imovirtual,2025-01-20 13:33:08
Charmoso apartamento T1 para arrendar,"Centro - Parque Central, Mina de Água, Amadora, Lisboa",1100,https://www.imovirtual.com/pt/anuncio/charmoso-apartamento-t1-para-arrendar-ID1fTK8,T1,58 m²,0,"Imóvel de tipologia T1, situado no centro da Amadora, junto ao Parque Central. Trata-se de um 1º andar em prédio sem elevador. Apartamento mobilado, com roupeiro embutido no quarto, cozinha equipada...",Imovirtual,2025-01-20 13:33:08
T2 com garagem e arrecadação - Brandoa,"Brandoa, Encosta do Sol, Amadora, Lisboa",1000,https://www.imovirtual.com/pt/anuncio/t2-com-garagem-e-arrecadacao-brandoa-ID1g12p,T2,70 m²,0,"T2 com garagem (carro utilitário) e arrecadação Cozinha semi equipada com fogão, extrator e esquentador ventilado. Mesa e cadeiras Despensa na cozinha Hall com teto falso com projetores Quartos co...",Imovirtual,2025-01-20 13:33:08
T2 na Amadora para arrendamento,"Avenida Cardoso Lopes, Centro - Parque Central, Mina de Água, Amadora, Lisboa",1150,https://www.imovirtual.com/pt/anuncio/t2-na-amadora-para-arrendamento-ID1g0TA,T2,80 m²,0,"T2 remodelado na Amadora, junto á estação de comboios, na Avenida Cardoso Lopes. Apartamento em prédio com elevador e situa-se no 2º piso. Porta blindada. Quartos com roupeiros . Cozinha totalmente eq...",Imovirtual,2025-01-20 13:33:08
Arrenda-se apartamento T1 na Reboleira,"Damaia de Cima, Águas Livres, Amadora, Lisboa",900,https://www.imovirtual.com/pt/anuncio/arrenda-se-apartamento-t1-na-reboleira-ID1g0yU,T1,38 m²,0,Arrenda-se apartamento de tipologia t1 completamente renovado e equipado. Arrenda-se pelo período de 3 meses. Requisitos: .*2 rendas e 1 caução * identificação * contrato de trabalho * irs * 3 ...,Imovirtual,2025-01-20 13:33:08
Apartamento T2 Damaia de cima,"Damaia de Cima, Águas Livres, Amadora, Lisboa",1200,https://www.imovirtual.com/pt/anuncio/apartamento-t2-damaia-de-cima-ID1g0fi,T2,70 m²,0,Apartamento T2 para arrendar na Damaia de cima. Zona tranquila com muito comércio e serviços Comboio a 5 minutos a pé Autocarro carris á porta Documentos necessários: Identificação válida 3 últi...,Imovirtual,2025-01-20 13:33:08
T2 Alfornelos - Arrendar,"Alfornelos, Encosta do Sol, Amadora, Lisboa",950,https://www.imovirtual.com/pt/anuncio/t2-alfornelos-arrendar-ID1g0bW,T2,82 m²,0,"PEDIDOS DE INFORMAÇÃO / MARCAÇÕES SÓ POR E-MAIL OU (CHAT DO PORTAL) VISITAS dia 8 de Janeiro 2025, entre as 17:00 e as 18:00 Rua Joaquim Barradas de Carvalho nº6 8ºB, Alfornelos - Encosta do Sol ...",Imovirtual,2025-01-20 13:33:08
"T1 NA RUA CORREIA TELES, NA REBOLEIRA, REMODELADO, PARA ARRENDAR","Rua Correia Teles, Reboleira, Venteira, Amadora, Lisboa",900,https://www.imovirtual.com/pt/anuncio/t1-na-rua-correia-teles-na-reboleira-remodelado-para-arrendar-ID1fZpR,T1,43 m²,0,"Trata-se de um apartamento junto ao estádio, com todo o tipo de comércio à porta, farmácias, supermercados e restaurantes… Estação de metropolitano e comboio a 3 minutos a pé! A cozinha aberta par...",Imovirtual,2025-01-20 13:33:08
Apartamento T2 para arrendamento,"Praça dos Aliados, Damaia de Cima, Águas Livres, Amadora, Lisboa",1100,https://www.imovirtual.com/pt/anuncio/apartamento-t2-para-arrendamento-ID1fZmd,T2,78 m²,0,"Apartamento T2 para arrendamento Praça dos Aliandos, Damaia de Cima. O apartamento foi todo intervencionado para dar incio ao arrendamento. Com um Terraço ao longo de todo o apartamento. A cozinha est...",Imovirtual,2025-01-20 13:33:08
Apartamento T1 para arrendamento,"Rua Correia Teles, Reboleira, Venteira, Amadora, Lisboa",850,https://www.imovirtual.com/pt/anuncio/apartamento-t1-para-arrendamento-ID1fYrZ,T1,38 m²,0,"Apartamento T1 com remodelação a estrear na Rua Correia Teles, junto à Igreja da Reboleira. Comércio à porta, farmácia, Pingo Doce... todos os serviços bem como transportes: autocarros, estação de met...",Imovirtual,2025-01-20 13:33:08
T2 totalmente equipado na Amadora - Casal S. Brás,"Casal de São Brás - Vila Chã, Mina de Água, Amadora, Lisboa",900,https://www.imovirtual.com/pt/anuncio/t2-totalmente-equipado-na-amadora-casal-s-bras-IDLGYo,T2,65 m²,0,"Disponível para visitas de imediato, mas para arrendamento apenas a partir de Março/25 Arrenda-se Apartamento Remodelado com 3 Assoalhadas em Zona Privilegiada! Apartamento T2 no 1º andar de um ...",Imovirtual,2025-01-20 13:33:08
Apartamento T1 para arrendamento,"Rua António Ferro, Buraca, Águas Livres, Amadora, Lisboa",950,https://www.imovirtual.com/pt/anuncio/apartamento-t1-para-arrendamento-ID1fXhU,T1,38.7 m²,0,"Apartamento T1, mobilado, na Amadora, junto &agrave;s Portas de Benfica. Localizado numa zona tranquila, com v&aacute;rios servi&ccedil;os nas proximidades, excelentes acessibilidades e transportes p&...",Imovirtual,2025-01-20 13:33:08
Apartamento T2 para Arrendamento em Alfornelos perto do Metro,"Rua Isabel Aboim Inglês, Alfornelos, Encosta do Sol, Amadora, Lisboa",1000,https://www.imovirtual.com/pt/anuncio/apartamento-t2-para-arrendamento-em-alfornelos-perto-do-metro-ID1fl8j,T2,76 m²,0,"Composto por uma área social que se distribui num amplo hall de entrada, cozinha com grande despensa e generosa sala de estar e jantar. A cozinha está equipada com máquina de lavar loiça, fogão a gás...",Imovirtual,2025-01-20 13:33:08
Apartamento T2 para arrendamento,"Brandoa, Encosta do Sol, Amadora, Lisboa",1200,https://www.imovirtual.com/pt/anuncio/apartamento-t2-para-arrendamento-ID1fUYQ,T2,91.15 m²,0,Apartamento T2 em excelente estado de conserva&ccedil;&atilde;o com 103m2 localizado num dos pr&eacute;dios mais recentes da Brandoa.O apartamento &eacute; composto por 2 amplos quartos com roupeiros ...,Imovirtual,2025-01-20 13:33:08
T2 em Alfornelos - Arrendamento,"Alfornelos, Encosta do Sol, Amadora, Lisboa",1000,https://www.imovirtual.com/pt/anuncio/t2-em-alfornelos-arrendamento-ID1fUsk,T2,60.87 m²,0,PEDIDOS DE INFORMAÇÃO / MARCAÇÕES SÓ POR E-MAIL OU (CHAT DO PORTAL) CONDIÇÕES DE ARRENDAMENTO: - 1 mês de renda + 2 meses de caução; - INQUILINO(S) com condições financeiras enquadradas e d...,Imovirtual,2025-01-20 13:33:08
"T1 reboleira, amadora, Lisboa","Damaia de Cima, Águas Livres, Amadora, Lisboa",1200,https://www.imovirtual.com/pt/anuncio/t1-reboleira-amadora-lisboa-ID1fSR7,T1,70 m²,0,"T1 mobilado e equipado para entrada imediata, na Reboleira, Amadora. 2 rendas e 1 caução. Condições: recibos de vencimento, liquidação de IRS e fiador.",Imovirtual,2025-01-20 13:33:08
Apartamento T1 para arrendamento,"Praceta de São Brás, Centro - Parque Central, Mina de Água, Amadora, Lisboa",880,https://www.imovirtual.com/pt/anuncio/apartamento-t1-para-arrendamento-ID1fSDS,T1,48.5 m²,0,"Apartamento T1 Remodelado para arrendamento Rua António Nobre, Casal de S. Brás Descubra este apartamento de tipologia T1 completamente remodelado, áreas surpreendentemente generosas nas suas divisões...",Imovirtual,2025-01-20 13:33:08
Apartamento T2 Arrendamento Amadora,"Buraca, Águas Livres, Amadora, Lisboa",1000,https://www.imovirtual.com/pt/anuncio/apartamento-t2-arrendamento-amadora-ID1fRkn,T2,74 m²,0,"Disponivel Imóvel com muitos melhoramentos; Boas áreas; r/chão em prédio sem elevador; Cozinha equipada com placa, forno e esquentador; Necessário IRS, recibos de vencimento e fiador com a mesma ...",Imovirtual,2025-01-20 13:33:08
Apartamento arrendar mina de água,"Alto da Mira - Moinhos da Funcheira - Carenque, Mina de Água, Amadora, Lisboa",1100,https://www.imovirtual.com/pt/anuncio/apartamento-arrendar-mina-de-agua-ID1fPCW,T2,65 m²,0,"Apartamento T2 na Amadora com Excelente Exposição Solar na Rua Teixeira de Pascoais Este apartamento T2 de 65m², situado num 3º andar sem elevador, está disponível para arrendamento e pronto a habita...",Imovirtual,2025-01-20 13:33:08
"Apartamento T1 em Águas livres, Amadora","Reboleira - Atalaia, Águas Livres, Amadora, Lisboa",1100,https://www.imovirtual.com/pt/anuncio/apartamento-t1-em-aguas-livres-amadora-ID1fP3s,T1,42 m²,0,"Apartamento T1 com uma localidade muita boa em Água livres, AMADORA! O apartamento situa numa zona residencial tranquila e familiar, oferece fácil acesso a uma variedade de serviços e comodidades, ...",Imovirtual,2025-01-20 13:33:08
Apartamento T3 - Amadora,"Centro da Amadora, Venteira, Amadora, Lisboa",900,https://www.imovirtual.com/pt/anuncio/apartamento-t3-amadora-ID1fJv2,T3,76 m²,0,"Requisitos obrigatórios (os interessados, terão de apresentar todos estes documentos sem excepção - se casados são os documentos de ambos): - Declaração do IRS 2023 - 3 últimos recibos de vencimento ...",Imovirtual,2025-01-20 13:33:08
ARRENDAMENTO T2 AMADORA,"Centro - Parque Central, Mina de Água, Amadora, Lisboa",1150,https://www.imovirtual.com/pt/anuncio/arrendamento-t2-amadora-ID1fJjr,T2,64 m²,0,"Disponível para arrendamento, este confortável apartamento T2 mobilido está localizado no 3º e último andar (sem elevador) de um prédio residencial na Amadora. Ideal para quem procura um lar acolhedor...",Imovirtual,2025-01-20 13:33:08
Apartamento T2 Alfornelos,"Alfornelos, Encosta do Sol, Amadora, Lisboa",1200,https://www.imovirtual.com/pt/anuncio/apartamento-t2-alfornelos-ID1fHTQ,T2,93 m²,0,"Apartamento no 3º andar sem elevador, com excelente exposição solar, situado em Alfornelos, a poucos minutos do centro de Lisboa. Este imóvel destaca-se pela sua localização privilegiada, ideal para q...",Imovirtual,2025-01-20 13:33:08
Apartamento T2 para arrendamento,"Rua Irene Lisboa, Brandoa, Encosta do Sol, Amadora, Lisboa",1200,https://www.imovirtual.com/pt/anuncio/apartamento-t2-para-arrendamento-ID1fHzh,T2,73 m²,0,"APARTAMENTO T2 NA ENCOSTA DO SOL COM GARAGEM O Seu Ref&uacute;gio de Conforto e Praticidade! Descubra o seu novo lar neste encantador apartamento T2, situado na serena Encosta do Sol, em Alfornelos. ...",Imovirtual,2025-01-20 13:33:08
Apartamento T2 com Marquise Ampla - 5min a pé do comboio (Amadora),"Avenida Marquês de Pombal, Centro - Parque Central, Mina de Água, Amadora, Lisboa",1100,https://www.imovirtual.com/pt/anuncio/apartamento-t2-com-marquise-ampla-5min-a-pe-do-comboio-amadora-ID1fGP3,T2,72 m²,0,"Arrendamos Apartamento T2 (2º Esquerdo) totalmente renovado. Características: Redes prediais novas. Cobertura protegida termicamente com lajetas. Cozinha equipada, pavimentos, roupeiros, marquises,...",Imovirtual,2025-01-20 13:33:08
Apartamento T2 para arrendamento,"Praceta Doutor António Macedo, Casal de São Brás - Vila Chã, Mina de Água, Amadora, Lisboa",900,https://www.imovirtual.com/pt/anuncio/apartamento-t2-para-arrendamento-ID1fyZO,T2,68 m²,0,APARTAMENTO SO DISPONIVÉL PARA ENTRADA A 1 DE JANEIRO DE 2025 Espaçoso apartamento com duas assoalhadas no 3º piso de um prédio sem elevador e em bom estado de conservação na Rua António Nobre. Inse...,Imovirtual,2025-01-20 13:33:08
Apartamento T1 para arrendamento,"Reboleira - Atalaia, Águas Livres, Amadora, Lisboa",900,https://www.imovirtual.com/pt/anuncio/apartamento-t1-para-arrendamento-ID1ePc1,T1,45 m²,0,"Apartamento T1 para arrendamento na Reboleira. Com boas &aacute;reas em zona sossegada, perto de transportes e de todos os servi&ccedil;os. Sala ampla com 19 m2, casa de banho com cabine de duche, co...",Imovirtual,2025-01-20 13:33:08
Arrenda-se T2 na Venteira (Centro da Amadora),"Centro da Amadora, Venteira, Amadora, Lisboa",1200,https://www.imovirtual.com/pt/anuncio/arrenda-se-t2-na-venteira-centro-da-amadora-ID1eNkg,T2,67 m²,0,"Arrendo T2 na Venteira, remodelado, no centro da cidade da Amadora. ATENÇÃO: Não pretendo contacto de imobiliárias, apenas particulares. Área total de cerca de 70m2 . 1 Cozinha equipada com mesa, b...",Imovirtual,2025-01-20 13:33:08
T2 -2 Casas de Banho - Excelente localização a 5 minutos de Benfica,"Venda Nova, Falagueira-Venda Nova, Amadora, Lisboa",1100,https://www.imovirtual.com/pt/anuncio/t2-2-casas-de-banho-excelente-localizacao-a-5-minutos-de-benfica-ID1aFma,T2,90 m²,0,"Apartamento inserido num predio de referencia ás Portas de Benfica, com magnifica vista e óptima exposição solar. Predio em bom estado de conservação com 2 elevadores e localizado numa praceta bastan...",Imovirtual,2025-01-20 13:33:08
Apartamento T2 para arrendamento,"Praça dos Aliados, Damaia de Cima, Águas Livres, Amadora, Lisboa",950,https://www.imovirtual.com/pt/anuncio/apartamento-t2-para-arrendamento-ID.1g4BS,T2,79 m²,0,,Imovirtual,2025-01-20 13:33:08
Excelente T0 c/ um fantástico terraço em S. Domingos de Benfica,"Pedralvas, Benfica, Lisboa, Lisboa",950,https://www.imovirtual.com/pt/anuncio/excelente-t0-c-um-fantastico-terraco-em-s-domingos-de-benfica-ID1fT0M,T1,30 m²,0,"Fantástico T0 renovado com um fantástico terraço em S Domingos de Benfica. Apartamento com cozinha equipada com todos os eletrodomésticos (máquina de lavar roupa, máquina de lavar loiça, termoacumu...",Imovirtual,2025-01-20 13:33:08
